similar_function,path
/src/ATen/SparseTensorImpl-SparseTensorImpl::has_storage,/src/ATen/BatchedTensorImpl-BatchedTensorImpl::has_storage,/,/,/,/,/,/,/,/,/,/,/,/,/
/src/ATen/MemoryOverlap-get_overlap_status,/src/ATen/MemoryOverlap-assert_no_partial_overlap,/src/ATen/MemoryOverlap-assert_no_overlap,/,/,/,/,/,/,/,/,/,/,/,/
/src/ATen/autocast_mode-set_enabled,/src/ATen/autocast_mode-set_cpu_enabled,/,/,/,/,/,/,/,/,/,/,/,/,/
/src/ATen/autocast_mode-call,/src/ATen/autocast_mode-call0,/src/ATen/autocast_mode-call1,/,/,/,/,/,/,/,/,/,/,/,/
/src/ATen/VmapMode-VmapMode::increment_nesting,/src/ATen/VmapMode-VmapMode::decrement_nesting,/,/,/,/,/,/,/,/,/,/,/,/,/
/src/ATen/FunctionalTensorWrapper-to_functional_tensor0,/src/ATen/FunctionalTensorWrapper-from_functional_tensor1,/,/,/,/,/,/,/,/,/,/,/,/,/
/src/ATen/TensorIterator-TensorIteratorConfig::add_owned_output,/src/ATen/TensorIterator-TensorIteratorConfig::add_borrowed_output,/,/,/,/,/,/,/,/,/,/,/,/,/
/src/ATen/TensorIterator-TensorIteratorConfig::add_owned_input,/src/ATen/TensorIterator-TensorIteratorConfig::add_borrowed_input,/,/,/,/,/,/,/,/,/,/,/,/,/
/src/ATen/TensorIterator-TensorIteratorBase::num_output_elements,/src/ATen/TensorIterator-TensorIteratorBase::num_reduce_dims,/src/ATen/TensorIterator-TensorIteratorBase::can_use_32bit_indexing,/,/,/,/,/,/,/,/,/,/,/,/
/src/ATen/TensorIterator-TensorIteratorBase::build_borrowing_binary_float_op,/src/ATen/TensorIterator-TensorIteratorBase::build_borrowing_binary_op,/,/,/,/,/,/,/,/,/,/,/,/,/
/src/ATen/TensorIterator-TensorIteratorBase::build_borrowing_unary_float_op,/src/ATen/TensorIterator-TensorIteratorBase::build_borrowing_unary_op,/,/,/,/,/,/,/,/,/,/,/,/,/
/src/ATen/TensorIterator-SplitUntil32Bit::begin,/src/ATen/TensorIterator-SplitUntil32Bit::end,/,/,/,/,/,/,/,/,/,/,/,/,/
/src/ATen/BatchingRegistrations-_has_same_storage_numel_batching_rule,/src/ATen/native/mkldnn/BinaryOps-mkldnn_mul,/,/,/,/,/,/,/,/,/,/,/,/,/
/src/ATen/BatchingRegistrations-mv_batching_rule,/src/ATen/BatchingRegistrations-dot_batching_rule,/src/ATen/BatchingRegistrations-mm_batching_rule,/,/,/,/,/,/,/,/,/,/,/,/
/src/ATen/ParallelNativeTBB-intraop_launch,/src/ATen/ParallelNativeTBB-intraop_launch_future,/,/,/,/,/,/,/,/,/,/,/,/,/
/src/ATen/record_function-sample_geometric,/src/ATen/record_function-sample_zero_one,/,/,/,/,/,/,/,/,/,/,/,/,/
/src/ATen/record_function-get_record_function_tls_,/src/ATen/record_function-isRecordFunctionEnabled,/,/,/,/,/,/,/,/,/,/,/,/,/
/src/ATen/record_function-hasGlobalCallbacks,/src/ATen/record_function-hasThreadLocalCallbacks,/src/ATen/record_function-clearGlobalCallbacks,/src/ATen/record_function-clearThreadLocalCallbacks,/,/,/,/,/,/,/,/,/,/,/
/src/ATen/record_function-addThreadLocalCallback,/src/ATen/record_function-addGlobalCallback,/,/,/,/,/,/,/,/,/,/,/,/,/
/src/ATen/record_function-removeCallback,/src/ATen/record_function-disableCallback,/src/ATen/record_function-reenableCallback,/,/,/,/,/,/,/,/,/,/,/,/
/src/ATen/record_function-releaseRecordAllFunctions,/src/ATen/core/VariableHooksInterface-GetVariableHooks,/,/,/,/,/,/,/,/,/,/,/,/,/
/src/ATen/ParallelOpenMP-intraop_launch,/src/ATen/ParallelOpenMP-intraop_launch_future,/,/,/,/,/,/,/,/,/,/,/,/,/
/src/ATen/ParallelNative-intraop_launch,/src/ATen/ParallelNative-intraop_launch_future,/,/,/,/,/,/,/,/,/,/,/,/,/
/src/ATen/Dispatch-record_kernel_function_dtype,/src/ATen/core/custom_class-record_custom_class,/,/,/,/,/,/,/,/,/,/,/,/,/
/src/ATen/VmapModeRegistrations-unsupportedRandomOp,/src/ATen/VmapModeRegistrations-unsupportedRandomOp_,/,/,/,/,/,/,/,/,/,/,/,/,/
/src/ATen/TensorUtils-checkSameSize,/src/ATen/TensorUtils-checkSameNumel,/src/ATen/TensorUtils-checkSameType,/,/,/,/,/,/,/,/,/,/,/,/
/src/ATen/TensorUtils-checkAllSameSize,/src/ATen/TensorUtils-checkAllSameNumel,/src/ATen/TensorUtils-checkAllSameGPU,/src/ATen/TensorUtils-checkAllSameType,/,/,/,/,/,/,/,/,/,/,/
/src/ATen/ConjugateFallback-conjugateFallback,/src/ATen/native/NegateFallback-negationFallback,/,/,/,/,/,/,/,/,/,/,/,/,/
/src/ATen/benchmarks/quantize_per_channel-quantize_per_channel_4d_contiguous,/src/ATen/benchmarks/quantize_per_channel-quantize_per_channel_4d_channels_last,/src/ATen/benchmarks/quantize_per_channel-quantize_per_channel_2d,/,/,/,/,/,/,/,/,/,/,/,/
/src/ATen/core/ivalue-IValue::isListOf,/src/ATen/core/ivalue-ivalue::Object::name,/,/,/,/,/,/,/,/,/,/,/,/,/
/src/ATen/core/ivalue-IValue::deepcopy,/src/ATen/core/ivalue-ivalue::Object::deepcopy,/,/,/,/,/,/,/,/,/,/,/,/,/
/src/ATen/core/interned_strings-Symbol::toUnqualString,/src/ATen/core/interned_strings-Symbol::toQualString,/src/ATen/core/interned_strings-Symbol::ns,/,/,/,/,/,/,/,/,/,/,/,/
/src/ATen/core/Tensor-TensorBase::variable_data,/src/ATen/core/Tensor-TensorBase::tensor_data,/src/ATen/core/Tensor-TensorBase::is_leaf,/src/ATen/core/Tensor-TensorBase::output_nr,/src/ATen/core/Tensor-TensorBase::data,/src/ATen/core/Tensor-TensorBase::_version,/src/ATen/core/Tensor-TensorBase::retain_grad,/src/ATen/core/Tensor-TensorBase::retains_grad,/src/ATen/core/Tensor-TensorBase::is_view,/src/ATen/core/Tensor-TensorBase::_base,/src/ATen/core/Tensor-TensorBase::name,/src/ATen/core/Tensor-TensorBase::grad_fn,/,/,/
/src/ATen/core/type-ListType::ofInts,/src/ATen/core/type-ListType::ofComplexDoubles,/src/ATen/core/type-ListType::ofFloats,/src/ATen/core/type-ListType::ofBools,/src/ATen/core/type-ListType::ofStrings,/src/ATen/core/union_type-ListType::ofOptionalTensors,/src/ATen/core/tensor_type-ListType::ofTensors,/,/,/,/,/,/,/,/
/src/ATen/core/boxing/KernelFunction_test-boxed_func_with_return,/src/ATen/core/boxing/KernelFunction_test-boxed_func_without_return,/,/,/,/,/,/,/,/,/,/,/,/,/
/src/ATen/core/boxing/KernelFunction_test-boxed_func_for_inplace_op,/src/ATen/core/boxing/KernelFunction_test-boxed_func_for_outofplace_op,/,/,/,/,/,/,/,/,/,/,/,/,/
/src/ATen/core/boxing/KernelFunction_test-expectBoxedCallingWithReturnWorks,/src/ATen/core/boxing/KernelFunction_test-expectBoxedCallingWithoutReturnWorks,/src/ATen/core/boxing/KernelFunction_test-expectBoxedCallingWithMultiReturnWorks,/src/ATen/core/boxing/KernelFunction_test-expectInPlaceBoxedCallingWorks,/src/ATen/core/boxing/KernelFunction_test-expectOutOfPlaceBoxedCallingWorks,/src/ATen/core/boxing/KernelFunction_test-expectOutOfPlaceMultiBoxedCallingWorks,/,/,/,/,/,/,/,/,/
/src/ATen/core/boxing/KernelFunction_test-expectUnboxedCallingWithReturnWorks,/src/ATen/core/boxing/KernelFunction_test-expectUnboxedCallingWithoutReturnWorks,/src/ATen/core/boxing/KernelFunction_test-expectUnboxedCallingWithMultiReturnWorks,/,/,/,/,/,/,/,/,/,/,/,/
/src/ATen/core/boxing/KernelFunction_test-expectInPlaceUnboxedCallingWorks,/src/ATen/core/boxing/KernelFunction_test-expectOutOfPlaceUnboxedCallingWorks,/,/,/,/,/,/,/,/,/,/,/,/,/
/src/ATen/core/boxing/impl/make_boxed_from_unboxed_functor_test-expectCallsIncrement,/src/ATen/core/boxing/impl/make_boxed_from_unboxed_functor_test-expectCallsDecrement,/src/ATen/core/boxing/impl/kernel_lambda_test-expectCallsIncrement,/src/ATen/core/boxing/impl/kernel_lambda_test-expectCallsDecrement,/src/ATen/core/boxing/impl/kernel_function_test-expectCallsIncrement,/src/ATen/core/boxing/impl/kernel_function_test-expectCallsDecrement,/src/ATen/core/boxing/impl/kernel_function_legacy_test-expectCallsIncrement,/src/ATen/core/boxing/impl/kernel_function_legacy_test-expectCallsDecrement,/src/ATen/core/boxing/impl/kernel_stackbased_test-expectCallsDecrement,/,/,/,/,/,/
/src/ATen/core/boxing/impl/make_boxed_from_unboxed_functor_test-operator3,/src/ATen/core/boxing/impl/make_boxed_from_unboxed_functor_test-operator27,/,/,/,/,/,/,/,/,/,/,/,/,/
/src/ATen/core/boxing/impl/make_boxed_from_unboxed_functor_test-operator15,/src/ATen/core/boxing/impl/make_boxed_from_unboxed_functor_test-operator16,/src/ATen/core/boxing/impl/make_boxed_from_unboxed_functor_test-operator17,/src/ATen/core/boxing/impl/make_boxed_from_unboxed_functor_test-operator18,/src/ATen/core/boxing/impl/make_boxed_from_unboxed_functor_test-operator19,/,/,/,/,/,/,/,/,/,/
/src/ATen/core/boxing/impl/make_boxed_from_unboxed_functor_test-expectCallsConcatUnboxed,/src/ATen/core/boxing/impl/kernel_lambda_test-expectCallsConcatUnboxed,/src/ATen/core/boxing/impl/kernel_function_test-expectCallsConcatUnboxed,/src/ATen/core/boxing/impl/kernel_lambda_legacy_test-expectCallsConcatUnboxed,/src/ATen/core/boxing/impl/kernel_function_legacy_test-expectCallsConcatUnboxed,/src/ATen/core/boxing/impl/kernel_stackbased_test-expectCallsIncrementUnboxed,/,/,/,/,/,/,/,/,/
/src/ATen/core/boxing/impl/kernel_function_test-kernelWithZeroOutputs,/src/ATen/core/boxing/impl/kernel_function_legacy_test-kernelWithZeroOutputs,/,/,/,/,/,/,/,/,/,/,/,/,/
/src/ATen/core/boxing/impl/kernel_function_test-kernelWithMultipleOutputs,/src/ATen/core/boxing/impl/kernel_function_legacy_test-kernelWithMultipleOutputs,/,/,/,/,/,/,/,/,/,/,/,/,/
/src/ATen/core/boxing/impl/kernel_function_test-kernelWithIntListInputWithoutOutput,/src/ATen/core/boxing/impl/kernel_function_test-kernelWithIntListInputWithOutput,/,/,/,/,/,/,/,/,/,/,/,/,/
/src/ATen/core/boxing/impl/kernel_function_test-kernelWithTensorListInputWithoutOutput,/src/ATen/core/boxing/impl/kernel_function_test-kernelWithTensorListInputWithOutput,/,/,/,/,/,/,/,/,/,/,/,/,/
/src/ATen/core/boxing/impl/kernel_function_test-kernelWithDictInputWithoutOutput,/src/ATen/core/boxing/impl/kernel_function_legacy_test-kernelWithDictInputWithoutOutput,/,/,/,/,/,/,/,/,/,/,/,/,/
/src/ATen/core/boxing/impl/kernel_function_test-kernelWithDictInputWithOutput,/src/ATen/core/boxing/impl/kernel_function_legacy_test-kernelWithDictInputWithOutput,/,/,/,/,/,/,/,/,/,/,/,/,/
/src/ATen/core/boxing/impl/kernel_function_test-kernelWithOptInputWithMultipleOutputs,/src/ATen/core/boxing/impl/kernel_function_legacy_test-kernelWithOptInputWithMultipleOutputs,/,/,/,/,/,/,/,/,/,/,/,/,/
/src/ATen/core/boxing/impl/kernel_function_test-concatKernel,/src/ATen/core/boxing/impl/kernel_function_legacy_test-concatKernel,/,/,/,/,/,/,/,/,/,/,/,/,/
/src/ATen/core/boxing/impl/kernel_function_legacy_test-kernelWithIntListInputWithoutOutput,/src/ATen/core/boxing/impl/kernel_function_legacy_test-kernelWithIntListInputWithOutput,/,/,/,/,/,/,/,/,/,/,/,/,/
/src/ATen/core/boxing/impl/kernel_function_legacy_test-kernelWithTensorListInputWithoutOutput,/src/ATen/core/boxing/impl/kernel_function_legacy_test-kernelWithTensorListInputWithOutput,/src/ATen/core/boxing/impl/kernel_function_legacy_test-kernelWithLegacyTensorVectorInputWithoutOutput,/src/ATen/core/boxing/impl/kernel_function_legacy_test-kernelWithLegacyTensorVectorInputWithOutput,/,/,/,/,/,/,/,/,/,/,/
/src/ATen/core/boxing/impl/kernel_function_legacy_test-kernelWithLegacyTensorListInputWithoutOutput,/src/ATen/core/boxing/impl/kernel_function_legacy_test-kernelWithLegacyTensorListInputWithOutput,/,/,/,/,/,/,/,/,/,/,/,/,/
/src/ATen/core/boxing/impl/kernel_stackbased_test-incrementKernel,/src/ATen/core/boxing/impl/kernel_stackbased_test-decrementKernel,/,/,/,/,/,/,/,/,/,/,/,/,/
/src/ATen/core/op_registration/op_registration_test-autograd_kernel_redispatching_with_DispatchKeySet,/src/ATen/core/op_registration/op_registration_test-autograd_kernel_redispatching_without_DispatchKeySet,/src/ATen/core/op_registration/op_registration_test-tracing_kernel_redispatching_with_DispatchKeySet,/,/,/,/,/,/,/,/,/,/,/,/
/src/ATen/cudnn/Descriptors-getDataType,/src/ATen/miopen/Descriptors-getDataType,/,/,/,/,/,/,/,/,/,/,/,/,/
/src/ATen/native/TensorShape-hsplit,/src/ATen/native/TensorShape-vsplit,/src/ATen/native/TensorShape-dsplit,/,/,/,/,/,/,/,/,/,/,/,/
/src/ATen/native/TensorShape-hsplit0,/src/ATen/native/TensorShape-vsplit0,/src/ATen/native/TensorShape-dsplit0,/,/,/,/,/,/,/,/,/,/,/,/
/src/ATen/native/TensorShape-ravel,/src/ATen/native/TensorTransformations-atleast_1d,/,/,/,/,/,/,/,/,/,/,/,/,/
/src/ATen/native/TensorShape-mT,/src/ATen/native/TensorShape-mH,/src/ATen/native/TensorShape-adjoint,/,/,/,/,/,/,/,/,/,/,/,/
/src/ATen/native/TensorShape-movedim0,/src/ATen/native/TensorShape-moveaxis0,/,/,/,/,/,/,/,/,/,/,/,/,/
/src/ATen/native/EmbeddingBag-index_select_add0,/src/ATen/native/EmbeddingBag-index_select_scale_add0,/,/,/,/,/,/,/,/,/,/,/,/,/
/src/ATen/native/EmbeddingBag-_embedding_bag_forward_only_cpu,/src/ATen/native/EmbeddingBag-_embedding_bag_cpu,/,/,/,/,/,/,/,/,/,/,/,/,/
/src/ATen/native/ConvolutionMM3d-view_weight_2d,/src/ATen/native/ConvolutionMM2d-view_weight_2d,/,/,/,/,/,/,/,/,/,/,/,/,/
/src/ATen/native/RNN-gru_cell,/src/ATen/native/RNN-rnn_tanh_cell,/src/ATen/native/RNN-rnn_relu_cell,/,/,/,/,/,/,/,/,/,/,/,/
/src/ATen/native/RNN-TORCH_LIBRARY_IMPL0,/src/ATen/native/quantized/cpu/qlinear_prepack-TORCH_LIBRARY_IMPL0,/src/ATen/native/quantized/cpu/qlinear_unpack-TORCH_LIBRARY_IMPL,/,/,/,/,/,/,/,/,/,/,/,/
/src/ATen/native/RNN-TORCH_LIBRARY_IMPL1,/src/ATen/native/quantized/cpu/qconv_unpack-TORCH_LIBRARY_IMPL,/src/ATen/native/quantized/cpu/qlinear_unpack-TORCH_LIBRARY_IMPL0,/,/,/,/,/,/,/,/,/,/,/,/
/src/ATen/native/Normalization-is_contiguous,/src/ATen/native/Normalization-suggest_memory_format_contig,/,/,/,/,/,/,/,/,/,/,/,/,/
/src/ATen/native/Integration-do_trapezoid,/src/ATen/native/Integration-do_cumulative_trapezoid,/,/,/,/,/,/,/,/,/,/,/,/,/
/src/ATen/native/BinaryOps-TORCH_IMPL_FUNC9,/src/ATen/native/UnaryOps-TORCH_IMPL_FUNC,/,/,/,/,/,/,/,/,/,/,/,/,/
/src/ATen/native/BinaryOps-div,/src/ATen/native/BinaryOps-divide0,/,/,/,/,/,/,/,/,/,/,/,/,/
/src/ATen/native/BinaryOps-div_,/src/ATen/native/BinaryOps-divide_0,/,/,/,/,/,/,/,/,/,/,/,/,/
/src/ATen/native/BinaryOps-div0,/src/ATen/native/BinaryOps-divide2,/,/,/,/,/,/,/,/,/,/,/,/,/
/src/ATen/native/BinaryOps-div_0,/src/ATen/native/BinaryOps-divide_2,/,/,/,/,/,/,/,/,/,/,/,/,/
/src/ATen/native/BinaryOps-sub_,/src/ATen/native/BinaryOps-subtract_0,/,/,/,/,/,/,/,/,/,/,/,/,/
/src/ATen/native/BinaryOps-bitwise_and_,/src/ATen/native/BinaryOps-__iand__0,/,/,/,/,/,/,/,/,/,/,/,/,/
/src/ATen/native/BinaryOps-bitwise_or_,/src/ATen/native/BinaryOps-__ior__0,/,/,/,/,/,/,/,/,/,/,/,/,/
/src/ATen/native/BinaryOps-bitwise_xor_,/src/ATen/native/BinaryOps-__ixor__0,/,/,/,/,/,/,/,/,/,/,/,/,/
/src/ATen/native/BinaryOps-xlogy,/src/ATen/native/BinaryOps-special_xlogy0,/,/,/,/,/,/,/,/,/,/,/,/,/
/src/ATen/native/NaiveDilatedConvolution-slow_conv_dilated2d_cpu,/src/ATen/native/NaiveDilatedConvolution-slow_conv_dilated3d_cpu,/,/,/,/,/,/,/,/,/,/,/,/,/
/src/ATen/native/NaiveDilatedConvolution-slow_conv_dilated2d_backward_cpu,/src/ATen/native/NaiveDilatedConvolution-slow_conv_dilated3d_backward_cpu,/,/,/,/,/,/,/,/,/,/,/,/,/
/src/ATen/native/LinearAlgebra-dot_out,/src/ATen/native/LinearAlgebra-vdot_out,/,/,/,/,/,/,/,/,/,/,/,/,/
/src/ATen/native/LinearAlgebra-compute_T4,/src/ATen/native/LinearAlgebra-compute_T8,/,/,/,/,/,/,/,/,/,/,/,/,/
/src/ATen/native/LinearAlgebra-compute_T12,/src/ATen/native/LinearAlgebra-compute_T18,/,/,/,/,/,/,/,/,/,/,/,/,/
/src/ATen/native/Sorting-quantile_out,/src/ATen/native/Sorting-nanquantile_out,/,/,/,/,/,/,/,/,/,/,/,/,/
/src/ATen/native/Sorting-quantile,/src/ATen/native/Sorting-nanquantile,/,/,/,/,/,/,/,/,/,/,/,/,/
/src/ATen/native/Sorting-median_out_cpu,/src/ATen/native/Sorting-nanmedian_out_cpu,/,/,/,/,/,/,/,/,/,/,/,/,/
/src/ATen/native/Sorting-median_cpu,/src/ATen/native/Sorting-nanmedian_cpu,/src/ATen/native/cuda/Sorting-median_cuda,/src/ATen/native/cuda/Sorting-nanmedian_cuda,/,/,/,/,/,/,/,/,/,/,/
/src/ATen/native/TensorConversions-compute_strides_for_view_dtype_downsize,/src/ATen/native/TensorConversions-compute_strides_for_view_dtype_upsize,/,/,/,/,/,/,/,/,/,/,/,/,/
/src/ATen/native/SpectralOps-fft_fft,/src/ATen/native/SpectralOps-fft_ifft,/,/,/,/,/,/,/,/,/,/,/,/,/
/src/ATen/native/SpectralOps-fft_fft_out,/src/ATen/native/SpectralOps-fft_ifft_out,/,/,/,/,/,/,/,/,/,/,/,/,/
/src/ATen/native/SpectralOps-fft_rfft,/src/ATen/native/SpectralOps-fft_ihfft,/,/,/,/,/,/,/,/,/,/,/,/,/
/src/ATen/native/SpectralOps-fft_rfft_out,/src/ATen/native/SpectralOps-fft_ihfft_out,/,/,/,/,/,/,/,/,/,/,/,/,/
/src/ATen/native/SpectralOps-fft_irfft,/src/ATen/native/SpectralOps-fft_hfft,/,/,/,/,/,/,/,/,/,/,/,/,/
/src/ATen/native/SpectralOps-fft_irfft_out,/src/ATen/native/SpectralOps-fft_hfft_out,/,/,/,/,/,/,/,/,/,/,/,/,/
/src/ATen/native/SpectralOps-fft_fftn,/src/ATen/native/SpectralOps-fft_ifftn,/,/,/,/,/,/,/,/,/,/,/,/,/
/src/ATen/native/SpectralOps-fft_fftn_out,/src/ATen/native/SpectralOps-fft_ifftn_out,/,/,/,/,/,/,/,/,/,/,/,/,/
/src/ATen/native/SpectralOps-fft_fftshift,/src/ATen/native/SpectralOps-fft_ifftshift,/,/,/,/,/,/,/,/,/,/,/,/,/
/src/ATen/native/SpectralOps-_cufft_get_plan_cache_max_size,/src/ATen/native/SpectralOps-_cufft_get_plan_cache_size,/src/ATen/native/SpectralOps-_cufft_clear_plan_cache,/,/,/,/,/,/,/,/,/,/,/,/
/src/ATen/native/TensorCompare-_assert_async_cpu,/src/ATen/native/UnaryOps-positive,/src/ATen/native/mkldnn/UnaryOps-mkldnn_sigmoid,/src/ATen/native/mkldnn/UnaryOps-mkldnn_tanh,/,/,/,/,/,/,/,/,/,/,/
/src/ATen/native/TensorCompare-argmax,/src/ATen/native/TensorCompare-argmin,/src/ATen/native/TensorCompare-argsort,/src/ATen/native/ReduceOps-any,/src/ATen/native/ReduceOps-all,/src/ATen/native/NamedTensor-sort0,/,/,/,/,/,/,/,/,/
/src/ATen/native/Convolution-conv1d,/src/ATen/native/Convolution-conv2d,/src/ATen/native/Convolution-conv3d,/src/ATen/native/Convolution-conv_transpose1d,/src/ATen/native/Convolution-conv_transpose2d,/src/ATen/native/Convolution-conv_transpose3d,/,/,/,/,/,/,/,/,/
/src/ATen/native/Convolution-conv1d0,/src/ATen/native/Convolution-conv2d0,/src/ATen/native/Convolution-conv3d0,/,/,/,/,/,/,/,/,/,/,/,/
/src/ATen/native/attention-bmm_nt,/src/ATen/native/attention-bmm_nn,/,/,/,/,/,/,/,/,/,/,/,/,/
/src/ATen/native/ForeachOpsKernels-check_foreach_api_restrictions3,/src/ATen/native/ForeachOpsKernels-check_foreach_api_restrictions13,/,/,/,/,/,/,/,/,/,/,/,/,/
/src/ATen/native/TensorTransformations-fliplr,/src/ATen/native/TensorTransformations-flipud,/,/,/,/,/,/,/,/,/,/,/,/,/
/src/ATen/native/TensorTransformations-atleast_2d,/src/ATen/native/TensorTransformations-atleast_3d,/,/,/,/,/,/,/,/,/,/,/,/,/
/src/ATen/native/NaiveConvolutionTranspose2d-slow_conv_transpose2d_acc_grad_parameters_cpu,/src/ATen/native/NaiveConvolutionTranspose3d-slow_conv_transpose3d_acc_grad_parameters_cpu,/,/,/,/,/,/,/,/,/,/,/,/,/
/src/ATen/native/AffineGridGenerator-make_base_grid_4D,/src/ATen/native/AffineGridGenerator-make_base_grid_5D,/,/,/,/,/,/,/,/,/,/,/,/,/
/src/ATen/native/TensorFactories-arange,/src/ATen/native/TensorFactories-arange0,/,/,/,/,/,/,/,/,/,/,/,/,/
/src/ATen/native/TensorFactories-full,/src/ATen/native/TensorFactories-full0,/,/,/,/,/,/,/,/,/,/,/,/,/
/src/ATen/native/TensorFactories-new_full,/src/ATen/native/TensorFactories-new_ones,/,/,/,/,/,/,/,/,/,/,/,/,/
/src/ATen/native/TensorFactories-ones,/src/ATen/native/TensorFactories-ones0,/src/ATen/native/TensorFactories-zeros0,/,/,/,/,/,/,/,/,/,/,/,/
/src/ATen/native/TensorFactories-rand,/src/ATen/native/TensorFactories-rand1,/,/,/,/,/,/,/,/,/,/,/,/,/
/src/ATen/native/TensorFactories-rand0,/src/ATen/native/TensorFactories-rand2,/,/,/,/,/,/,/,/,/,/,/,/,/
/src/ATen/native/TensorFactories-randint,/src/ATen/native/TensorFactories-randint0,/src/ATen/native/TensorFactories-randint1,/,/,/,/,/,/,/,/,/,/,/,/
/src/ATen/native/TensorFactories-randint_like,/src/ATen/native/TensorFactories-randint_like0,/,/,/,/,/,/,/,/,/,/,/,/,/
/src/ATen/native/TensorFactories-randn,/src/ATen/native/TensorFactories-randn1,/,/,/,/,/,/,/,/,/,/,/,/,/
/src/ATen/native/TensorFactories-randn0,/src/ATen/native/TensorFactories-randn2,/,/,/,/,/,/,/,/,/,/,/,/,/
/src/ATen/native/TensorFactories-tril_indices_cpu,/src/ATen/native/TensorFactories-triu_indices_cpu,/,/,/,/,/,/,/,/,/,/,/,/,/
/src/ATen/native/TensorFactories-bartlett_window0,/src/ATen/native/TensorFactories-blackman_window0,/,/,/,/,/,/,/,/,/,/,/,/,/
/src/ATen/native/TensorFactories-hamming_window,/src/ATen/native/TensorFactories-hamming_window0,/src/ATen/native/TensorFactories-hamming_window1,/,/,/,/,/,/,/,/,/,/,/,/
/src/ATen/native/TensorFactories-kaiser_window,/src/ATen/native/TensorFactories-kaiser_window0,/,/,/,/,/,/,/,/,/,/,/,/,/
/src/ATen/native/LossNLL-optional_contiguous,/src/ATen/native/LossNLL2d-optional_contiguous,/,/,/,/,/,/,/,/,/,/,/,/,/
/src/ATen/native/LossNLL-optional_data,/src/ATen/native/LossNLL2d-optional_data,/,/,/,/,/,/,/,/,/,/,/,/,/
/src/ATen/native/LossNLL-nll_loss_out,/src/ATen/native/LossNLL2d-nll_loss2d_out,/,/,/,/,/,/,/,/,/,/,/,/,/
/src/ATen/native/LossNLL-nll_loss,/src/ATen/native/LossNLL2d-nll_loss2d,/,/,/,/,/,/,/,/,/,/,/,/,/
/src/ATen/native/TensorAdvancedIndexing-index_copy,/src/ATen/native/TensorAdvancedIndexing-index_fill0,/,/,/,/,/,/,/,/,/,/,/,/,/
/src/ATen/native/ReduceOps-check_argmax_argmin0,/src/ATen/native/ReduceOps-check_argmax_argmin1,/,/,/,/,/,/,/,/,/,/,/,/,/
/src/ATen/native/ReduceOps-isnan_0,/src/ATen/native/ReduceOps-isnan_1,/,/,/,/,/,/,/,/,/,/,/,/,/
/src/ATen/native/ReduceOps-cummax_helper_cpu,/src/ATen/native/ReduceOps-cummin_helper_cpu,/,/,/,/,/,/,/,/,/,/,/,/,/
/src/ATen/native/ReduceOps-cummax_out,/src/ATen/native/ReduceOps-cummin_out,/,/,/,/,/,/,/,/,/,/,/,/,/
/src/ATen/native/ReduceOps-var_mean1,/src/ATen/native/ReduceOps-std_mean1,/,/,/,/,/,/,/,/,/,/,/,/,/
/src/ATen/native/ReduceOps-std1,/src/ATen/native/ReduceOps-var1,/,/,/,/,/,/,/,/,/,/,/,/,/
/src/ATen/native/ReduceOps-std_out0,/src/ATen/native/ReduceOps-var_out0,/,/,/,/,/,/,/,/,/,/,/,/,/
/src/ATen/native/ReduceOps-norm_out,/src/ATen/native/ReduceOps-norm_out0,/,/,/,/,/,/,/,/,/,/,/,/,/
/src/ATen/native/ReduceOps-any_out,/src/ATen/native/ReduceOps-all_out,/,/,/,/,/,/,/,/,/,/,/,/,/
/src/ATen/native/Unfold3d-Unfold3dZeroPaddingAccKernelImpl,/src/ATen/native/Unfold3d-Unfold3dAccKernelImpl,/,/,/,/,/,/,/,/,/,/,/,/,/
/src/ATen/native/Unfold3d-Unfold3dCopyCPU,/src/ATen/native/Unfold3d-Unfold3dAccCPU,/,/,/,/,/,/,/,/,/,/,/,/,/
/src/ATen/native/Activation-log_sigmoid_backward_cuda,/src/ATen/native/Activation-log_sigmoid_backward_cpu,/,/,/,/,/,/,/,/,/,/,/,/,/
/src/ATen/native/Activation-log_sigmoid_backward_cuda_out,/src/ATen/native/Activation-log_sigmoid_backward_cpu_out,/,/,/,/,/,/,/,/,/,/,/,/,/
/src/ATen/native/BatchLinearAlgebra-legacy_lstsq_out,/src/ATen/native/cuda/BatchLinearAlgebra-legacy_lstsq_out_cuda,/,/,/,/,/,/,/,/,/,/,/,/,/
/src/ATen/native/UnaryOps-rad2deg_out,/src/ATen/native/UnaryOps-deg2rad_out,/,/,/,/,/,/,/,/,/,/,/,/,/
/src/ATen/native/UnaryOps-abs_out,/src/ATen/native/UnaryOps-angle_out,/,/,/,/,/,/,/,/,/,/,/,/,/
/src/ATen/native/UnaryOps-resolve_neg,/src/ATen/native/UnaryOps-resolve_conj,/,/,/,/,/,/,/,/,/,/,/,/,/
/src/ATen/native/Im2Col-im2col_out_cpu_template,/src/ATen/native/Col2Im-col2im_out_cpu_template,/,/,/,/,/,/,/,/,/,/,/,/,/
/src/ATen/native/CPUBlas-to_fbgemm,/src/ATen/native/cuda/BatchLinearAlgebraLib-to_cublas,/src/ATen/native/cuda/BatchLinearAlgebra-to_magma,/,/,/,/,/,/,/,/,/,/,/,/
/src/ATen/native/NamedTensor-index_copy,/src/ATen/native/NamedTensor-scatter,/src/ATen/native/NamedTensor-scatter_add,/,/,/,/,/,/,/,/,/,/,/,/
/src/ATen/native/NamedTensor-index_copy_,/src/ATen/native/NamedTensor-scatter_,/src/ATen/native/NamedTensor-scatter_add_,/,/,/,/,/,/,/,/,/,/,/,/
/src/ATen/native/NamedTensor-sort_out,/src/ATen/native/NamedTensor-sort_out0,/,/,/,/,/,/,/,/,/,/,/,/,/
/src/ATen/native/GridSampler-grid_sampler_3d_cpu,/src/ATen/native/GridSampler-grid_sampler_3d_backward_cpu,/,/,/,/,/,/,/,/,/,/,/,/,/
/src/ATen/native/AdaptiveAveragePooling3d-start_index,/src/ATen/native/AdaptiveAveragePooling3d-end_index,/,/,/,/,/,/,/,/,/,/,/,/,/
/src/ATen/native/AveragePool3d-avg_pool3d_out_frame,/src/ATen/native/AveragePool3d-avg_pool3d_backward_out_frame,/,/,/,/,/,/,/,/,/,/,/,/,/
/src/ATen/native/BatchLinearAlgebraKernel-linalg_eig_kernel,/src/ATen/native/cuda/BatchLinearAlgebra-linalg_eig_kernel,/,/,/,/,/,/,/,/,/,/,/,/,/
/src/ATen/native/BatchLinearAlgebraKernel-geqrf_kernel,/src/ATen/native/cuda/BatchLinearAlgebraLib-geqrf_batched_cublas,/src/ATen/native/cuda/BatchLinearAlgebraLib-geqrf_cusolver,/src/ATen/native/cuda/BatchLinearAlgebra-geqrf_magma,/,/,/,/,/,/,/,/,/,/,/
/src/ATen/native/BatchLinearAlgebraKernel-orgqr_kernel_impl,/src/ATen/native/cuda/BatchLinearAlgebraLib-orgqr_helper_cusolver,/,/,/,/,/,/,/,/,/,/,/,/,/
/src/ATen/native/BatchLinearAlgebraKernel-ormqr_kernel,/src/ATen/native/cuda/BatchLinearAlgebraLib-ormqr_cusolver,/,/,/,/,/,/,/,/,/,/,/,/,/
/src/ATen/native/BatchLinearAlgebraKernel-triangular_solve_kernel,/src/ATen/native/cuda/BatchLinearAlgebraLib-triangular_solve_cublas,/src/ATen/native/cuda/BatchLinearAlgebraLib-triangular_solve_batched_cublas,/src/ATen/native/cuda/BatchLinearAlgebra-triangular_solve_batched_magma,/,/,/,/,/,/,/,/,/,/,/
/src/ATen/native/BatchLinearAlgebraKernel-lu_factor_kernel,/src/ATen/native/cuda/BatchLinearAlgebra-lu_factor_looped_magma,/src/ATen/native/cuda/BatchLinearAlgebra-lu_factor_batched_magma,/,/,/,/,/,/,/,/,/,/,/,/
/src/ATen/native/BatchLinearAlgebraKernel-lu_solve_trans_kernel,/src/ATen/native/cuda/BatchLinearAlgebraLib-lu_solve_batched_cublas,/src/ATen/native/cuda/BatchLinearAlgebra-lu_solve_batched_magma,/src/ATen/native/cuda/BatchLinearAlgebra-lu_solve_looped_magma,/,/,/,/,/,/,/,/,/,/,/
/src/ATen/native/cpu/IndexKernel-masked_select_serial_kernel,/src/ATen/native/cpu/IndexKernel-masked_select_kernel,/,/,/,/,/,/,/,/,/,/,/,/,/
/src/ATen/native/cpu/UnaryOpsKernel-bitwise_not_kernel,/src/ATen/native/cpu/BinaryOpsKernel-bitwise_and_kernel,/src/ATen/native/cpu/BinaryOpsKernel-bitwise_or_kernel,/src/ATen/native/cpu/BinaryOpsKernel-bitwise_xor_kernel,/,/,/,/,/,/,/,/,/,/,/
/src/ATen/native/cpu/PointwiseOpsKernel-addcmul_cpu_kernel,/src/ATen/native/cpu/PointwiseOpsKernel-addcdiv_cpu_kernel,/,/,/,/,/,/,/,/,/,/,/,/,/
/src/ATen/native/cpu/SoftMaxKernel-softmax_lastdim_kernel_impl,/src/ATen/native/cpu/SoftMaxKernel-log_softmax_lastdim_kernel_impl,/,/,/,/,/,/,/,/,/,/,/,/,/
/src/ATen/native/cpu/SoftMaxKernel-softmax_backward_lastdim_kernel_impl,/src/ATen/native/cpu/SoftMaxKernel-log_softmax_backward_lastdim_kernel_impl,/,/,/,/,/,/,/,/,/,/,/,/,/
/src/ATen/native/cpu/TensorCompareKernel-min_kernel_impl,/src/ATen/native/cpu/TensorCompareKernel-max_kernel_impl,/,/,/,/,/,/,/,/,/,/,/,/,/
/src/ATen/native/cpu/TensorCompareKernel-isposinf_kernel_impl,/src/ATen/native/cpu/TensorCompareKernel-isneginf_kernel_impl,/,/,/,/,/,/,/,/,/,/,/,/,/
/src/ATen/native/cpu/AdaptiveMaxPoolKernel-cpu_adaptive_max_pool_backward,/src/ATen/native/cpu/MaxPoolKernel-cpu_max_pool_backward,/,/,/,/,/,/,/,/,/,/,/,/,/
/src/ATen/native/cpu/AdaptiveMaxPoolKernel-cpu_adaptive_max_pool_backward_channels_last,/src/ATen/native/cpu/MaxPoolKernel-cpu_max_pool_backward_channels_last,/,/,/,/,/,/,/,/,/,/,/,/,/
/src/ATen/native/cpu/AdaptiveMaxPoolKernel-adaptive_max_pool2d_backward_kernel_impl,/src/ATen/native/cpu/MaxPoolKernel-max_pool2d_backward_kernel_impl,/,/,/,/,/,/,/,/,/,/,/,/,/
/src/ATen/native/cpu/BinaryOpsKernel-lshift_kernel,/src/ATen/native/cpu/BinaryOpsKernel-rshift_kernel,/,/,/,/,/,/,/,/,/,/,/,/,/
/src/ATen/native/cpu/ReduceOpsKernel-cumsum_cpu_kernel,/src/ATen/native/cpu/ReduceOpsKernel-cumprod_cpu_kernel,/,/,/,/,/,/,/,/,/,/,/,/,/
/src/ATen/native/cpu/ReduceOpsKernel-argmax_kernel_impl,/src/ATen/native/cpu/ReduceOpsKernel-argmin_kernel_impl,/,/,/,/,/,/,/,/,/,/,/,/,/
/src/ATen/native/cpu/SumKernel-memsize,/src/ATen/native/cpu/SumKernel-memsize0,/,/,/,/,/,/,/,/,/,/,/,/,/
/src/ATen/native/cpu/Activation-hardshrink_kernel,/src/ATen/native/cpu/Activation-shrink_backward_kernel,/,/,/,/,/,/,/,/,/,/,/,/,/
/src/ATen/native/cpu/Activation-leaky_relu_kernel,/src/ATen/native/cpu/Activation-leaky_relu_backward_kernel,/,/,/,/,/,/,/,/,/,/,/,/,/
/src/ATen/native/cpu/Activation-silu_kernel,/src/ATen/native/cpu/Activation-silu_backward_kernel,/,/,/,/,/,/,/,/,/,/,/,/,/
/src/ATen/native/cpu/UpSampleKernel-eval,/src/ATen/native/cpu/UpSampleKernel-eval0,/src/ATen/native/miopen/Conv_miopen-operator,/,/,/,/,/,/,/,/,/,/,/,/
/src/ATen/native/cpu/UpSampleKernel-basic_loop,/src/ATen/native/cpu/UpSampleKernel-basic_loop_aa_single_dim_zero_strides,/src/ATen/native/cpu/UpSampleKernel-basic_loop_aa_single_dim_nonzero_strides,/,/,/,/,/,/,/,/,/,/,/,/
/src/ATen/native/cpu/UpSampleKernel-upsample_nearest2d_kernel_impl,/src/ATen/native/cpu/UpSampleKernel-_upsample_nearest_exact2d_kernel_impl,/,/,/,/,/,/,/,/,/,/,/,/,/
/src/ATen/native/cpu/UpSampleKernel-upsample_nearest3d_kernel_impl,/src/ATen/native/cpu/UpSampleKernel-_upsample_nearest_exact3d_kernel_impl,/,/,/,/,/,/,/,/,/,/,/,/,/
/src/ATen/native/cpu/UpSampleKernel-upsample_bilinear2d_kernel_impl,/src/ATen/native/cpu/UpSampleKernel-upsample_trilinear3d_kernel_impl,/,/,/,/,/,/,/,/,/,/,/,/,/
/src/ATen/native/cpu/UpSampleKernel-upsample_nearest1d_backward_kernel_impl,/src/ATen/native/cpu/UpSampleKernel-_upsample_nearest_exact1d_backward_kernel_impl,/,/,/,/,/,/,/,/,/,/,/,/,/
/src/ATen/native/cpu/UpSampleKernel-upsample_nearest2d_backward_kernel_impl,/src/ATen/native/cpu/UpSampleKernel-_upsample_nearest_exact2d_backward_kernel_impl,/,/,/,/,/,/,/,/,/,/,/,/,/
/src/ATen/native/cpu/UpSampleKernel-upsample_nearest3d_backward_kernel_impl,/src/ATen/native/cpu/UpSampleKernel-_upsample_nearest_exact3d_backward_kernel_impl,/src/ATen/native/cpu/UpSampleMoreKernel-upsample_trilinear3d_backward_kernel_impl,/src/ATen/native/cpu/UpSampleMoreKernel-upsample_bilinear2d_backward_kernel_impl,/,/,/,/,/,/,/,/,/,/,/
/src/ATen/native/cpu/UpSampleKernel-upsample_bilinear2d_aa_backward_kernel_impl,/src/ATen/native/cpu/UpSampleKernel-upsample_bicubic2d_aa_backward_kernel_impl,/,/,/,/,/,/,/,/,/,/,/,/,/
/src/ATen/native/cpu/BlasKernel-gemm_notrans_,/src/ATen/native/cpu/BlasKernel-gemm_transb_,/src/ATen/native/cpu/BlasKernel-gemm_transab_,/,/,/,/,/,/,/,/,/,/,/,/
/src/ATen/native/cpu/BlasKernel-cpublas_axpy_impl,/src/ATen/native/cpu/BlasKernel-cpublas_copy_impl,/,/,/,/,/,/,/,/,/,/,/,/,/
/src/ATen/native/xnnpack/OpContext-XNNPackLinearOpContext::free_orig_weight_and_bias,/src/ATen/native/xnnpack/OpContext-XNNPackConv2dOpContext::free_orig_weight_and_bias,/src/ATen/native/xnnpack/OpContext-XNNPackTransposeConv2dOpContext::free_orig_weight_and_bias,/,/,/,/,/,/,/,/,/,/,/,/
/src/ATen/native/xnnpack/OpContext-XNNPackConv2dOpContext::create_context,/src/ATen/native/xnnpack/OpContext-XNNPackTransposeConv2dOpContext::create_context,/,/,/,/,/,/,/,/,/,/,/,/,/
/src/ATen/native/xnnpack/OpContext-XNNPackConv2dOpContext::run,/src/ATen/native/xnnpack/OpContext-XNNPackTransposeConv2dOpContext::run,/,/,/,/,/,/,/,/,/,/,/,/,/
/src/ATen/native/xnnpack/Convolution-usable,/src/ATen/native/xnnpack/Linear-usable,/,/,/,/,/,/,/,/,/,/,/,/,/
/src/ATen/native/xnnpack/Convolution-unpack_prepacked_sizes_conv2d,/src/ATen/native/xnnpack/Linear-unpack_prepacked_sizes_linear,/,/,/,/,/,/,/,/,/,/,/,/,/
/src/ATen/native/xnnpack/AveragePooling-use_global_average_pool,/src/ATen/native/xnnpack/Activation-use_hardswish,/,/,/,/,/,/,/,/,/,/,/,/,/
/src/ATen/native/quantized/QTensor-dequantize_quantized,/src/ATen/native/quantized/QTensor-qscheme_quant,/,/,/,/,/,/,/,/,/,/,/,/,/
/src/ATen/native/quantized/QTensor-q_scale_quant,/src/ATen/native/quantized/QTensor-q_zero_point_quant,/src/ATen/native/quantized/QTensor-q_per_channel_scales,/src/ATen/native/quantized/QTensor-q_per_channel_zero_points,/src/ATen/native/quantized/QTensor-q_per_channel_axis,/,/,/,/,/,/,/,/,/,/
/src/ATen/native/quantized/affine_quantizer-checkFloatTensor,/src/ATen/native/quantized/affine_quantizer-checkQuantizedTensor,/,/,/,/,/,/,/,/,/,/,/,/,/
/src/ATen/native/quantized/affine_quantizer-checkZeroPoint,/src/ATen/native/quantized/affine_quantizer_base-checkZeroPoint,/,/,/,/,/,/,/,/,/,/,/,/,/
/src/ATen/native/quantized/cpu/qembeddingbag-embedding_bag_byte_helper,/src/ATen/native/quantized/cpu/qembeddingbag-_embedding_bag_nbit_helper,/,/,/,/,/,/,/,/,/,/,/,/,/
/src/ATen/native/quantized/cpu/qembeddingbag-embedding_bag_4bit_rowwise_offsets_out,/src/ATen/native/quantized/cpu/qembeddingbag-embedding_bag_2bit_rowwise_offsets_out,/,/,/,/,/,/,/,/,/,/,/,/,/
/src/ATen/native/quantized/cpu/qembeddingbag-TORCH_LIBRARY_IMPL,/src/ATen/native/quantized/cpu/qlinear_dynamic-TORCH_LIBRARY_IMPL,/src/ATen/native/quantized/cpu/qembeddingbag_prepack-TORCH_LIBRARY_IMPL,/src/ATen/native/quantized/cpu/qconv_dynamic-TORCH_LIBRARY_IMPL,/,/,/,/,/,/,/,/,/,/,/
/src/ATen/native/quantized/cpu/qpool-TORCH_LIBRARY_IMPL,/src/ATen/native/quantized/cpu/qmul-TORCH_LIBRARY_IMPL,/src/ATen/native/quantized/cpu/qadd-TORCH_LIBRARY_IMPL,/src/ATen/native/quantized/cpu/qbatch_norm-TORCH_LIBRARY_IMPL,/src/ATen/native/quantized/cpu/qsigmoid-TORCH_LIBRARY_IMPL,/src/ATen/native/quantized/cpu/qconcat-TORCH_LIBRARY_IMPL,/src/ATen/native/quantized/cpu/qclamp-TORCH_LIBRARY_IMPL,/src/ATen/native/quantized/cpu/qthreshold-TORCH_LIBRARY_IMPL,/src/ATen/native/quantized/cpu/qlinear_prepack-TORCH_LIBRARY_IMPL,/src/ATen/native/quantized/cpu/qlinear-TORCH_LIBRARY_IMPL,/src/ATen/native/quantized/cpu/qrelu-TORCH_LIBRARY_IMPL,/src/ATen/native/quantized/cpu/qconv_prepack-TORCH_LIBRARY_IMPL,/src/ATen/native/quantized/cpu/qhardswish-TORCH_LIBRARY_IMPL,/,/
/src/ATen/native/quantized/cpu/qmul-run0,/src/ATen/native/quantized/cpu/qmul-run3,/,/,/,/,/,/,/,/,/,/,/,/,/
/src/ATen/native/quantized/cpu/qmul-run1,/src/ATen/native/quantized/cpu/qmul-run2,/,/,/,/,/,/,/,/,/,/,/,/,/
/src/ATen/native/quantized/cpu/qelu-TORCH_LIBRARY_IMPL,/src/ATen/native/quantized/cpu/qdropout-TORCH_LIBRARY_IMPL,/,/,/,/,/,/,/,/,/,/,/,/,/
/src/ATen/native/quantized/cpu/qadd-TORCH_LIBRARY_IMPL0,/src/ATen/native/quantized/cpu/qlinear_prepack-TORCH_LIBRARY_IMPL1,/src/ATen/native/quantized/cpu/qlinear-TORCH_LIBRARY_IMPL0,/src/ATen/native/quantized/cpu/qconv_prepack-TORCH_LIBRARY_IMPL0,/,/,/,/,/,/,/,/,/,/,/
/src/ATen/native/quantized/cpu/qbatch_norm-q_batch_norm1d_impl,/src/ATen/native/quantized/cpu/qbatch_norm-q_batch_norm2d_impl,/src/ATen/native/quantized/cpu/qbatch_norm-q_batch_norm3d_impl,/,/,/,/,/,/,/,/,/,/,/,/
/src/ATen/native/quantized/cpu/qlinear_dynamic-PackedLinearWeightFp16::apply_dynamic,/src/ATen/native/quantized/cpu/qlinear_dynamic-PackedLinearWeightFp16::apply_dynamic_relu,/,/,/,/,/,/,/,/,/,/,/,/,/
/src/ATen/native/quantized/cpu/qlinear_dynamic-PackedLinearWeightFp16::apply_dynamic_out,/src/ATen/native/quantized/cpu/qlinear_dynamic-PackedLinearWeightFp16::apply_dynamic_relu_out,/,/,/,/,/,/,/,/,/,/,/,/,/
/src/ATen/native/quantized/cpu/qupsample_nearest3d-upsample_nearest3d_out_frame,/src/ATen/native/quantized/cpu/qupsample_nearest3d-upsample_nearest3d_out_frame_nhwc,/,/,/,/,/,/,/,/,/,/,/,/,/
/src/ATen/native/quantized/cpu/qupsample_nearest3d-upsample_nearest3d_quantized_cpu0,/src/ATen/native/quantized/cpu/qupsample_nearest3d-_upsample_nearest_exact3d_quantized_cpu0,/src/ATen/native/quantized/cpu/qupsample_nearest2d-upsample_nearest2d_quantized_cpu0,/src/ATen/native/quantized/cpu/qupsample_nearest2d-_upsample_nearest_exact2d_quantized_cpu0,/,/,/,/,/,/,/,/,/,/,/
/src/ATen/native/quantized/cpu/qupsample_nearest2d-upsample_nearest2d_out_frame,/src/ATen/native/quantized/cpu/qupsample_nearest2d-upsample_nearest2d_out_frame_nhwc,/,/,/,/,/,/,/,/,/,/,/,/,/
/src/ATen/native/quantized/cpu/q_adaavgpool-start_index,/src/ATen/native/quantized/cpu/q_adaavgpool-end_index,/,/,/,/,/,/,/,/,/,/,/,/,/
/src/ATen/native/quantized/cpu/qembeddingbag_prepack-qembeddingbag_4bit_prepack,/src/ATen/native/quantized/cpu/qembeddingbag_prepack-qembeddingbag_2bit_prepack,/,/,/,/,/,/,/,/,/,/,/,/,/
/src/ATen/native/quantized/cpu/qlinear_prepack-calc_col_offsets_transpose,/src/ATen/native/ao_sparse/quantized/cpu/qlinear_prepack-calc_col_offsets_transpose,/,/,/,/,/,/,/,/,/,/,/,/,/
/src/ATen/native/quantized/cpu/qlinear-PackedLinearWeight::apply,/src/ATen/native/quantized/cpu/qlinear-PackedLinearWeight::apply_relu,/,/,/,/,/,/,/,/,/,/,/,/,/
/src/ATen/native/quantized/cpu/qlinear-PackedLinearWeight::apply_out,/src/ATen/native/quantized/cpu/qlinear-PackedLinearWeight::apply_relu_out,/,/,/,/,/,/,/,/,/,/,/,/,/
/src/ATen/native/quantized/cpu/qembeddingbag_unpack-qembeddingbag_4bit_unpack,/src/ATen/native/quantized/cpu/qembeddingbag_unpack-qembeddingbag_2bit_unpack,/,/,/,/,/,/,/,/,/,/,/,/,/
/src/ATen/native/quantized/cpu/kernels/QuantizedOpKernels-qgelu_kernel,/src/ATen/native/quantized/cpu/kernels/QuantizedOpKernels-qtanh_kernel,/,/,/,/,/,/,/,/,/,/,/,/,/
/src/ATen/native/quantized/cudnn/Conv-getTensorDescriptor,/src/ATen/native/cudnn/Conv_v8-getTensorDescriptor,/,/,/,/,/,/,/,/,/,/,/,/,/
/src/ATen/native/quantized/cudnn/Conv-getConvDescriptor,/src/ATen/native/cudnn/Conv_v8-getConvDescriptor,/,/,/,/,/,/,/,/,/,/,/,/,/
/src/ATen/native/quantized/cudnn/Conv-filterEngineConfigs,/src/ATen/native/cudnn/Conv_v8-filterEngineConfigs,/,/,/,/,/,/,/,/,/,/,/,/,/
/src/ATen/native/cudnn/RNN-_cudnn_rnn_backward_input,/src/ATen/native/miopen/RNN_miopen-miopen_rnn_backward_input,/,/,/,/,/,/,/,/,/,/,/,/,/
/src/ATen/native/cudnn/RNN-unpack_hidden,/src/ATen/native/miopen/RNN_miopen-unpack_hidden,/,/,/,/,/,/,/,/,/,/,/,/,/
/src/ATen/native/cudnn/RNN-pack_hidden,/src/ATen/native/miopen/RNN_miopen-pack_hidden,/,/,/,/,/,/,/,/,/,/,/,/,/
/src/ATen/native/cudnn/RNN-_cudnn_impl,/src/ATen/native/cudnn/RNN-_cudnn_impl0,/,/,/,/,/,/,/,/,/,/,/,/,/
/src/ATen/native/cudnn/Conv_v7-ConvolutionArgs,/src/ATen/native/miopen/Conv_miopen-ConvolutionArgs,/,/,/,/,/,/,/,/,/,/,/,/,/
/src/ATen/native/cudnn/Conv_v7-find,/src/ATen/native/miopen/Conv_miopen-find,/,/,/,/,/,/,/,/,/,/,/,/,/
/src/ATen/native/cudnn/Conv_v7-cache,/src/ATen/native/cudnn/Conv_v7-cache0,/src/ATen/native/cudnn/Conv_v7-cache1,/,/,/,/,/,/,/,/,/,/,/,/
/src/ATen/native/cudnn/BatchNorm-cudnn_batch_norm,/src/ATen/native/miopen/BatchNorm_miopen-miopen_batch_norm,/,/,/,/,/,/,/,/,/,/,/,/,/
/src/ATen/native/cudnn/BatchNorm-cudnn_batch_norm_backward,/src/ATen/native/miopen/BatchNorm_miopen-miopen_batch_norm_backward,/,/,/,/,/,/,/,/,/,/,/,/,/
/src/ATen/native/cudnn/BatchNorm-expandScale,/src/ATen/native/miopen/BatchNorm_miopen-expandScale,/,/,/,/,/,/,/,/,/,/,/,/,/
/src/ATen/native/cudnn/ConvPlaceholders-cudnn_convolution,/src/ATen/native/cudnn/ConvPlaceholders-cudnn_convolution_transpose,/,/,/,/,/,/,/,/,/,/,/,/,/
/src/ATen/native/cudnn/ConvPlaceholders-cudnn_convolution_backward_input,/src/ATen/native/cudnn/ConvPlaceholders-cudnn_convolution_transpose_backward_input,/src/ATen/native/cudnn/ConvPlaceholders-raw_cudnn_convolution_backward_input_out,/src/ATen/native/miopen/Conv_miopen-miopen_convolution_backward_input,/src/ATen/native/miopen/Conv_miopen-miopen_depthwise_convolution_backward_input,/src/ATen/native/miopen/Conv_miopen-miopen_convolution_transpose_backward_input,/,/,/,/,/,/,/,/,/
/src/ATen/native/cudnn/ConvPlaceholders-cudnn_convolution_backward_weight,/src/ATen/native/cudnn/ConvPlaceholders-cudnn_convolution_transpose_backward_weight,/src/ATen/native/miopen/Conv_miopen-miopen_convolution_backward_weight,/src/ATen/native/miopen/Conv_miopen-miopen_convolution_transpose_backward_weight,/src/ATen/native/miopen/Conv_miopen-miopen_depthwise_convolution_backward_weight,/,/,/,/,/,/,/,/,/,/
/src/ATen/native/cudnn/ConvPlaceholders-cudnn_convolution_backward,/src/ATen/native/cudnn/ConvPlaceholders-cudnn_convolution_transpose_backward,/,/,/,/,/,/,/,/,/,/,/,/,/
/src/ATen/native/cudnn/ConvShared-TORCH_CHECK,/src/ATen/native/miopen/Conv_miopen-TORCH_CHECK,/,/,/,/,/,/,/,/,/,/,/,/,/
/src/ATen/native/cudnn/ConvShared-convolution_shape_check,/src/ATen/native/miopen/Conv_miopen-convolution_shape_check,/,/,/,/,/,/,/,/,/,/,/,/,/
/src/ATen/native/mkldnn/TensorShape-mkldnn_view,/src/ATen/native/mkldnn/TensorShape-mkldnn_reshape,/src/ATen/native/mkldnn/TensorShape-mkldnn_view0,/,/,/,/,/,/,/,/,/,/,/,/
/src/ATen/native/mkldnn/TensorShape-mkldnn_transpose_,/src/ATen/native/mkldnn/TensorShape-mkldnn_transpose_0,/,/,/,/,/,/,/,/,/,/,/,/,/
/src/ATen/native/mkldnn/Gelu-mkldnn_gelu,/src/ATen/native/mkldnn/Relu-mkldnn_relu,/,/,/,/,/,/,/,/,/,/,/,/,/
/src/ATen/native/mkldnn/Gelu-mkldnn_gelu_backward,/src/ATen/native/mkldnn/Pooling-mkldnn_adaptive_avg_pool2d_backward,/,/,/,/,/,/,/,/,/,/,/,/,/
/src/ATen/native/mkldnn/Pooling-mkldnn_max_pool2d,/src/ATen/native/mkldnn/Pooling-mkldnn_max_pool3d,/,/,/,/,/,/,/,/,/,/,/,/,/
/src/ATen/native/mkldnn/Pooling-mkldnn_avg_pool2d,/src/ATen/native/mkldnn/Pooling-mkldnn_avg_pool2d_out,/src/ATen/native/mkldnn/Pooling-mkldnn_avg_pool3d,/src/ATen/native/mkldnn/Pooling-mkldnn_avg_pool3d_out,/,/,/,/,/,/,/,/,/,/,/
/src/ATen/native/mkldnn/Pooling-mkldnn_adaptive_avg_pool2d_out,/src/ATen/native/mkldnn/Pooling-mkldnn_adaptive_avg_pool2d_out0,/,/,/,/,/,/,/,/,/,/,/,/,/
/src/ATen/native/mkldnn/Pooling-mkldnn_max_pool2d_backward,/src/ATen/native/mkldnn/Pooling-mkldnn_max_pool3d_backward,/,/,/,/,/,/,/,/,/,/,/,/,/
/src/ATen/native/mkldnn/Pooling-mkldnn_avg_pool2d_backward_out,/src/ATen/native/mkldnn/Pooling-mkldnn_avg_pool3d_backward_out,/src/ATen/native/mkldnn/Pooling-mkldnn_avg_pool2d_backward_out0,/src/ATen/native/mkldnn/Pooling-mkldnn_avg_pool3d_backward_out0,/,/,/,/,/,/,/,/,/,/,/
/src/ATen/native/mkldnn/Pooling-mkldnn_avg_pool2d_backward,/src/ATen/native/mkldnn/Pooling-mkldnn_avg_pool3d_backward,/,/,/,/,/,/,/,/,/,/,/,/,/
/src/ATen/native/mkldnn/Pooling-mkldnn_adaptive_avg_pool2d_backward_out,/src/ATen/native/mkldnn/Pooling-mkldnn_adaptive_avg_pool2d_backward_out0,/,/,/,/,/,/,/,/,/,/,/,/,/
/src/ATen/native/mkldnn/Pooling-mkldnn_max_pool2d0,/src/ATen/native/mkldnn/Pooling-mkldnn_max_pool3d0,/,/,/,/,/,/,/,/,/,/,/,/,/
/src/ATen/native/mkldnn/Pooling-mkldnn_avg_pool2d0,/src/ATen/native/mkldnn/Pooling-mkldnn_avg_pool3d0,/,/,/,/,/,/,/,/,/,/,/,/,/
/src/ATen/native/mkldnn/Pooling-mkldnn_avg_pool2d_out0,/src/ATen/native/mkldnn/Pooling-mkldnn_avg_pool3d_out0,/,/,/,/,/,/,/,/,/,/,/,/,/
/src/ATen/native/mkldnn/Pooling-mkldnn_max_pool2d_backward0,/src/ATen/native/mkldnn/Pooling-mkldnn_max_pool3d_backward0,/,/,/,/,/,/,/,/,/,/,/,/,/
/src/ATen/native/mkldnn/Pooling-mkldnn_avg_pool2d_backward0,/src/ATen/native/mkldnn/Pooling-mkldnn_avg_pool3d_backward0,/,/,/,/,/,/,/,/,/,/,/,/,/
/src/ATen/native/mkldnn/UnaryOps-mkldnn_sigmoid_,/src/ATen/native/mkldnn/UnaryOps-mkldnn_tanh_,/src/ATen/native/mkldnn/MkldnnTensorMath-mkldnn_zero_,/,/,/,/,/,/,/,/,/,/,/,/
/src/ATen/native/mkldnn/UnaryOps-mkldnn_sigmoid0,/src/ATen/native/mkldnn/UnaryOps-mkldnn_tanh0,/,/,/,/,/,/,/,/,/,/,/,/,/
/src/ATen/native/mkldnn/UnaryOps-mkldnn_sigmoid_0,/src/ATen/native/mkldnn/UnaryOps-mkldnn_tanh_0,/,/,/,/,/,/,/,/,/,/,/,/,/
/src/ATen/native/mkldnn/MKLDNNConversions-mkldnn_reorder_conv2d_weight,/src/ATen/native/mkldnn/MKLDNNConversions-mkldnn_reorder_conv3d_weight,/,/,/,/,/,/,/,/,/,/,/,/,/
/src/ATen/native/mkldnn/MKLDNNConversions-mkldnn_reorder_conv2d_weight0,/src/ATen/native/mkldnn/MKLDNNConversions-mkldnn_reorder_conv3d_weight0,/,/,/,/,/,/,/,/,/,/,/,/,/
/src/ATen/native/miopen/Conv_miopen-miopen_convolution,/src/ATen/native/miopen/Conv_miopen-miopen_convolution_transpose,/src/ATen/native/miopen/Conv_miopen-miopen_depthwise_convolution,/,/,/,/,/,/,/,/,/,/,/,/
/src/ATen/native/miopen/Conv_miopen-miopen_convolution_backward,/src/ATen/native/miopen/Conv_miopen-miopen_convolution_transpose_backward,/src/ATen/native/miopen/Conv_miopen-miopen_depthwise_convolution_backward,/,/,/,/,/,/,/,/,/,/,/,/
/src/ATen/native/miopen/Conv_miopen-cache,/src/ATen/native/miopen/Conv_miopen-cache0,/src/ATen/native/miopen/Conv_miopen-cache1,/,/,/,/,/,/,/,/,/,/,/,/
/src/ATen/native/miopen/Conv_miopen-raw_miopen_convolution_forward_out,/src/ATen/native/miopen/Conv_miopen-raw_miopen_depthwise_convolution_forward_out,/,/,/,/,/,/,/,/,/,/,/,/,/
/src/ATen/native/miopen/Conv_miopen-raw_miopen_convolution_backward_weight_out,/src/ATen/native/miopen/Conv_miopen-raw_miopen_depthwise_convolution_backward_weight_out,/,/,/,/,/,/,/,/,/,/,/,/,/
/src/ATen/native/miopen/Conv_miopen-raw_miopen_convolution_backward_input_out,/src/ATen/native/miopen/Conv_miopen-raw_miopen_depthwise_convolution_backward_input_out,/,/,/,/,/,/,/,/,/,/,/,/,/
/src/ATen/native/miopen/RNN_miopen-_copyParams,/src/ATen/native/miopen/RNN_miopen-_viewParams,/,/,/,/,/,/,/,/,/,/,/,/,/
/src/ATen/native/miopen/RNN_miopen-_hidden_size,/src/ATen/native/miopen/RNN_miopen-_output_size,/,/,/,/,/,/,/,/,/,/,/,/,/
/src/ATen/native/miopen/RNN_miopen-_miopen_impl,/src/ATen/native/miopen/RNN_miopen-_miopen_impl0,/,/,/,/,/,/,/,/,/,/,/,/,/
/src/ATen/native/ao_sparse/quantized/cpu/qlinear_prepack-TORCH_LIBRARY_IMPL,/src/ATen/native/ao_sparse/quantized/cpu/qlinear-TORCH_LIBRARY_IMPL,/src/ATen/native/ao_sparse/quantized/cpu/qlinear_unpack-TORCH_LIBRARY_IMPL,/,/,/,/,/,/,/,/,/,/,/,/
/src/ATen/native/metal/MetalGuardImpl-MetalGuardImpl,/src/ATen/native/vulkan/VulkanGuardImpl-VulkanGuardImpl,/,/,/,/,/,/,/,/,/,/,/,/,/
/src/ATen/native/mkl/SparseBlasImpl-prepare_dense_vector_for_mkl,/src/ATen/native/sparse/cuda/SparseBlasImpl-prepare_dense_vector_for_cusparse,/,/,/,/,/,/,/,/,/,/,/,/,/
/src/ATen/native/mkl/SparseBlasImpl-indices_to_mkl_compatible_inplace,/src/ATen/native/sparse/cuda/SparseBlasImpl-indices_to_32_bit_inplace,/,/,/,/,/,/,/,/,/,/,/,/,/
/src/ATen/native/mkl/SparseBlasImpl-col_indices_and_values_resize_,/src/ATen/native/sparse/cuda/SparseBlasImpl-col_indices_and_values_resize_,/,/,/,/,/,/,/,/,/,/,/,/,/
/src/ATen/native/sparse/SparseTensorMath-add_sparse_,/src/ATen/native/sparse/SparseCsrTensorMath-add_sparse_csr_,/,/,/,/,/,/,/,/,/,/,/,/,/
/src/ATen/native/sparse/SparseTensor-sparse_dim_sparse,/src/ATen/native/sparse/SparseTensor-dense_dim_sparse,/src/ATen/native/sparse/SparseTensor-is_coalesced_sparse,/src/ATen/native/sparse/SparseTensor-_nnz_sparse,/src/ATen/native/sparse/SparseTensor-_indices_sparse,/src/ATen/native/sparse/SparseTensor-_values_sparse,/,/,/,/,/,/,/,/,/
/src/ATen/native/sparse/SparseTensor-indices_sparse,/src/ATen/native/sparse/SparseTensor-values_sparse,/,/,/,/,/,/,/,/,/,/,/,/,/
/src/ATen/native/sparse/SparseTensor-sparse_resize_,/src/ATen/native/sparse/SparseTensor-sparse_resize_and_clear_,/,/,/,/,/,/,/,/,/,/,/,/,/
/src/ATen/native/sparse/SoftMax-softmax_sparse_cpu,/src/ATen/native/sparse/SoftMax-log_softmax_sparse_cpu,/,/,/,/,/,/,/,/,/,/,/,/,/
/src/ATen/native/sparse/SoftMax-softmax_backward_sparse_cpu,/src/ATen/native/sparse/SoftMax-log_softmax_backward_sparse_cpu,/,/,/,/,/,/,/,/,/,/,/,/,/
/src/ATen/native/sparse/SparseCsrTensor-values_sparse_csr,/src/ATen/native/sparse/SparseCsrTensor-crow_indices_sparse_csr,/src/ATen/native/sparse/SparseCsrTensor-col_indices_sparse_csr,/,/,/,/,/,/,/,/,/,/,/,/
/src/ATen/native/sparse/cuda/SparseCUDABlas-csrmm2,/src/ATen/native/sparse/cuda/SparseCUDABlas-csrmm20,/,/,/,/,/,/,/,/,/,/,/,/,/
/src/ATen/native/sparse/cuda/SparseCUDABlas-adjustLd,/src/ATen/native/sparse/cuda/SparseCUDABlas-adjustLd0,/src/ATen/native/sparse/cuda/SparseCUDABlas-adjustLd1,/src/ATen/native/sparse/cuda/SparseCUDABlas-adjustLd2,/,/,/,/,/,/,/,/,/,/,/
/src/ATen/native/sparse/cuda/SparseCUDABlas-TORCH_CHECK,/src/ATen/native/sparse/cuda/SparseCUDABlas-TORCH_CHECK1,/src/ATen/native/sparse/cuda/SparseCUDABlas-TORCH_CHECK2,/,/,/,/,/,/,/,/,/,/,/,/
/src/ATen/native/vulkan/VulkanAten-TORCH_LIBRARY_IMPL,/src/ATen/native/vulkan/ops/Clone-TORCH_LIBRARY_IMPL,/src/ATen/native/vulkan/ops/Pool-TORCH_LIBRARY_IMPL,/src/ATen/native/vulkan/ops/Mean-TORCH_LIBRARY_IMPL,/src/ATen/native/vulkan/ops/Clamp-TORCH_LIBRARY_IMPL,/src/ATen/native/vulkan/ops/Factory-TORCH_LIBRARY_IMPL,/src/ATen/native/vulkan/ops/Upsample-TORCH_LIBRARY_IMPL,/src/ATen/native/vulkan/ops/Softmax-TORCH_LIBRARY_IMPL,/src/ATen/native/vulkan/ops/Concat-TORCH_LIBRARY_IMPL,/src/ATen/native/vulkan/ops/Shape-TORCH_LIBRARY_IMPL,/src/ATen/native/vulkan/ops/Padding-TORCH_LIBRARY_IMPL,/src/ATen/native/vulkan/ops/Arithmetic-TORCH_LIBRARY_IMPL,/src/ATen/native/vulkan/ops/Mm-TORCH_LIBRARY_IMPL,/src/ATen/native/vulkan/ops/Permute-TORCH_LIBRARY_IMPL,/src/ATen/native/vulkan/ops/Slice-TORCH_LIBRARY_IMPL
/src/ATen/native/vulkan/Vulkan-VBuffer::MapMemory::flushWriteToDevice,/src/ATen/native/vulkan/Vulkan-VBuffer::MapMemory::flushWriteToHost,/,/,/,/,/,/,/,/,/,/,/,/,/
/src/ATen/native/vulkan/Vulkan-VImage::bindShaderRead,/src/ATen/native/vulkan/Vulkan-VImage::bindStorageImage,/,/,/,/,/,/,/,/,/,/,/,/,/
/src/ATen/native/vulkan/Vulkan-VImage::addImageMemoryBarrierToGeneral,/src/ATen/native/vulkan/Vulkan-VImage::addImageMemoryBarrierToShaderRead,/,/,/,/,/,/,/,/,/,/,/,/,/
/src/ATen/native/vulkan/Vulkan-beginCommandBuffer,/src/ATen/native/vulkan/Vulkan-endCommandBuffer,/,/,/,/,/,/,/,/,/,/,/,/,/
/src/ATen/native/vulkan/Vulkan-VulkanTensor::sizes,/src/ATen/native/vulkan/Vulkan-VulkanTensor::sync_image_to_buffer,/src/ATen/native/vulkan/Vulkan-VulkanTensor::strides,/src/ATen/native/vulkan/Vulkan-VulkanTensor::dim,/src/ATen/native/vulkan/Vulkan-VulkanTensor::numel,/src/ATen/native/vulkan/Vulkan-VulkanTensor::has_storage,/src/ATen/native/vulkan/Vulkan-VulkanTensor::has_buffer,/src/ATen/native/vulkan/Vulkan-VulkanTensor::buffer0,/src/ATen/native/vulkan/Vulkan-VulkanTensor::can_be_image,/src/ATen/native/vulkan/Vulkan-VulkanTensor::has_image,/,/,/,/,/
/src/ATen/native/vulkan/Vulkan-VulkanTensor::allocate_storage,/src/ATen/native/vulkan/Vulkan-VulkanTensor::buffer,/,/,/,/,/,/,/,/,/,/,/,/,/
/src/ATen/native/vulkan/VulkanRegisterOpContextClass-TORCH_LIBRARY0,/src/ATen/native/vulkan/ops/Register-TORCH_LIBRARY0,/,/,/,/,/,/,/,/,/,/,/,/,/
/src/ATen/native/vulkan/VulkanRegisterOpContextClass-TORCH_LIBRARY_IMPL,/src/ATen/native/vulkan/ops/Register-TORCH_LIBRARY_IMPL,/,/,/,/,/,/,/,/,/,/,/,/,/
/src/ATen/native/vulkan/VulkanOps-max_pool2d,/src/ATen/native/vulkan/VulkanOps-avg_pool2d,/,/,/,/,/,/,/,/,/,/,/,/,/
/src/ATen/native/vulkan/VulkanOps-add0,/src/ATen/native/vulkan/VulkanOps-mul,/,/,/,/,/,/,/,/,/,/,/,/,/
/src/ATen/native/vulkan/api/Resource-Resource::Image::Sampler::Factory::Factory,/src/ATen/native/vulkan/api/Pipeline-Pipeline::Layout::Factory::Factory,/src/ATen/native/vulkan/api/Shader-Shader::Layout::Factory::Factory,/,/,/,/,/,/,/,/,/,/,/,/
/src/ATen/native/vulkan/api/Resource-std::move,/src/ATen/native/vulkan/api/Descriptor-std::move0,/src/ATen/native/vulkan/api/Command-std::move0,/,/,/,/,/,/,/,/,/,/,/,/
/src/ATen/native/vulkan/api/Resource-purge,/src/ATen/native/vulkan/api/Descriptor-purge,/src/ATen/native/vulkan/api/Command-purge,/,/,/,/,/,/,/,/,/,/,/,/
/src/ATen/native/vulkan/api/Pipeline-Pipeline::Cache::Cache,/src/ATen/native/vulkan/api/Shader-Shader::Layout::Cache::Cache,/,/,/,/,/,/,/,/,/,/,/,/,/
/src/ATen/native/vulkan/api/Pipeline-Pipeline::Cache::purge,/src/ATen/native/vulkan/api/Shader-Shader::Layout::Cache::purge,/,/,/,/,/,/,/,/,/,/,/,/,/
/src/ATen/native/vulkan/ops/TransposeConvolution2d-pack_biases,/src/ATen/native/vulkan/ops/Convolution-pack_biases,/,/,/,/,/,/,/,/,/,/,/,/,/
/src/ATen/native/vulkan/ops/TransposeConvolution2d-pack_filter,/src/ATen/native/vulkan/ops/Convolution-pack_filter,/,/,/,/,/,/,/,/,/,/,/,/,/
/src/ATen/native/vulkan/ops/TransposeConvolution2d-pack_params,/src/ATen/native/vulkan/ops/Convolution-pack_params,/,/,/,/,/,/,/,/,/,/,/,/,/
/src/ATen/native/vulkan/ops/TransposeConvolution2d-available,/src/ATen/native/vulkan/ops/Convolution-available,/,/,/,/,/,/,/,/,/,/,/,/,/
/src/ATen/native/vulkan/ops/TransposeConvolution2d-usable,/src/ATen/native/vulkan/ops/Convolution-usable,/,/,/,/,/,/,/,/,/,/,/,/,/
/src/ATen/native/vulkan/ops/TransposeConvolution2d-TransposeConv2dOpContext::conv2d_transpose_sliding_window,/src/ATen/native/vulkan/ops/Convolution-Conv2dOpContext::conv2d_sliding_window,/,/,/,/,/,/,/,/,/,/,/,/,/
/src/ATen/native/vulkan/ops/Clamp-hardswish,/src/ATen/native/vulkan/ops/Clamp-hardsigmoid,/src/ATen/native/vulkan/ops/Clamp-sigmoid,/src/ATen/native/vulkan/ops/Clamp-tanh,/,/,/,/,/,/,/,/,/,/,/
/src/ATen/native/vulkan/ops/Clamp-hardswish_,/src/ATen/native/vulkan/ops/Clamp-hardsigmoid_,/src/ATen/native/vulkan/ops/Clamp-sigmoid_,/src/ATen/native/vulkan/ops/Clamp-tanh_,/,/,/,/,/,/,/,/,/,/,/
/src/ATen/native/vulkan/ops/Convolution-pack_weights_dw,/src/ATen/native/vulkan/ops/Convolution-pack_weights_2d,/,/,/,/,/,/,/,/,/,/,/,/,/
/src/ATen/native/vulkan/ops/Common-batch_size,/src/ATen/native/vulkan/ops/Common-channels_size,/src/ATen/native/vulkan/ops/Common-height_size,/src/ATen/native/vulkan/ops/Common-width_size,/,/,/,/,/,/,/,/,/,/,/
/src/ATen/native/vulkan/ops/Softmax-softmax,/src/ATen/native/vulkan/ops/Softmax-log_softmax,/,/,/,/,/,/,/,/,/,/,/,/,/
/src/ATen/native/vulkan/ops/Concat-cat_batch,/src/ATen/native/vulkan/ops/Concat-cat_width,/,/,/,/,/,/,/,/,/,/,/,/,/
/src/ATen/native/vulkan/ops/Concat-cat_feature_mult4ch,/src/ATen/native/vulkan/ops/Concat-cat_height,/,/,/,/,/,/,/,/,/,/,/,/,/
/src/ATen/native/vulkan/ops/Arithmetic-add_scalar,/src/ATen/native/vulkan/ops/Arithmetic-sub_scalar,/,/,/,/,/,/,/,/,/,/,/,/,/
/src/ATen/native/vulkan/ops/Arithmetic-add_scalar_,/src/ATen/native/vulkan/ops/Arithmetic-sub_scalar_,/,/,/,/,/,/,/,/,/,/,/,/,/
/src/ATen/native/vulkan/ops/Arithmetic-add_tensor,/src/ATen/native/vulkan/ops/Arithmetic-sub_tensor,/,/,/,/,/,/,/,/,/,/,/,/,/
/src/ATen/native/vulkan/ops/Arithmetic-add_tensor_,/src/ATen/native/vulkan/ops/Arithmetic-sub_tensor_,/,/,/,/,/,/,/,/,/,/,/,/,/
/src/ATen/native/vulkan/ops/Arithmetic-mul_scalar,/src/ATen/native/vulkan/ops/Arithmetic-div_scalar,/,/,/,/,/,/,/,/,/,/,/,/,/
/src/ATen/native/vulkan/ops/Arithmetic-mul_scalar_,/src/ATen/native/vulkan/ops/Arithmetic-div_scalar_,/,/,/,/,/,/,/,/,/,/,/,/,/
/src/ATen/native/vulkan/ops/Arithmetic-mul_tensor,/src/ATen/native/vulkan/ops/Arithmetic-div_tensor,/,/,/,/,/,/,/,/,/,/,/,/,/
/src/ATen/native/vulkan/ops/Arithmetic-mul_tensor_,/src/ATen/native/vulkan/ops/Arithmetic-div_tensor_,/,/,/,/,/,/,/,/,/,/,/,/,/
/src/ATen/native/vulkan/ops/Tensor-allocate_buffer,/src/ATen/native/vulkan/ops/Tensor-allocate_staging,/,/,/,/,/,/,/,/,/,/,/,/,/
/src/ATen/native/vulkan/ops/Slice-slice_width,/src/ATen/native/vulkan/ops/Slice-slice_height,/,/,/,/,/,/,/,/,/,/,/,/,/
/src/ATen/native/cuda/Sorting-median_out_cuda,/src/ATen/native/cuda/Sorting-nanmedian_out_cuda,/,/,/,/,/,/,/,/,/,/,/,/,/
/src/ATen/native/cuda/SpectralOps-cufft_get_plan_cache_max_size_impl,/src/ATen/native/cuda/SpectralOps-cufft_get_plan_cache_size_impl,/src/ATen/native/cuda/SpectralOps-cufft_clear_plan_cache_impl,/,/,/,/,/,/,/,/,/,/,/,/
/src/ATen/native/cuda/BatchLinearAlgebraLib-gels_batched_cublas,/src/ATen/native/cuda/BatchLinearAlgebra-gels_magma,/,/,/,/,/,/,/,/,/,/,/,/,/
/src/ATen/native/cuda/BatchLinearAlgebraLib-svd_cusolver_gesvdj,/src/ATen/native/cuda/BatchLinearAlgebraLib-svd_cusolver_gesvdjBatched,/,/,/,/,/,/,/,/,/,/,/,/,/
/src/ATen/native/cuda/BatchLinearAlgebraLib-linalg_eigh_cusolver_syevd,/src/ATen/native/cuda/BatchLinearAlgebraLib-linalg_eigh_cusolver_syevj,/src/ATen/native/cuda/BatchLinearAlgebraLib-linalg_eigh_cusolver_syevj_batched,/,/,/,/,/,/,/,/,/,/,/,/
/src/ATen/native/cuda/BatchLinearAlgebra-magma_sgesv_gpu,/src/ATen/native/cuda/BatchLinearAlgebra-magma_sgetrs_gpu,/,/,/,/,/,/,/,/,/,/,/,/,/
/src/ATen/native/cuda/BatchLinearAlgebra-magma_zgesv_gpu,/src/ATen/native/cuda/BatchLinearAlgebra-magma_zgetrs_gpu,/,/,/,/,/,/,/,/,/,/,/,/,/
/src/ATen/native/cuda/BatchLinearAlgebra-magma_cgesv_gpu,/src/ATen/native/cuda/BatchLinearAlgebra-magma_cgetrs_gpu,/,/,/,/,/,/,/,/,/,/,/,/,/
/src/ATen/native/cuda/BatchLinearAlgebra-magma_dgetrf_gpu,/src/ATen/native/cuda/BatchLinearAlgebra-magma_dgetrf_nopiv_gpu,/,/,/,/,/,/,/,/,/,/,/,/,/
/src/ATen/native/cuda/BatchLinearAlgebra-magma_sgetrf_gpu,/src/ATen/native/cuda/BatchLinearAlgebra-magma_sgetrf_nopiv_gpu,/,/,/,/,/,/,/,/,/,/,/,/,/
/src/ATen/native/cuda/BatchLinearAlgebra-magma_zgetrf_gpu,/src/ATen/native/cuda/BatchLinearAlgebra-magma_zgetrf_nopiv_gpu,/,/,/,/,/,/,/,/,/,/,/,/,/
/src/ATen/native/cuda/BatchLinearAlgebra-magma_cgetrf_gpu,/src/ATen/native/cuda/BatchLinearAlgebra-magma_cgetrf_nopiv_gpu,/,/,/,/,/,/,/,/,/,/,/,/,/
/src/ATen/native/cuda/BatchLinearAlgebra-magma_dgetrf_batched,/src/ATen/native/cuda/BatchLinearAlgebra-magma_dgetrf_nopiv_batched,/,/,/,/,/,/,/,/,/,/,/,/,/
/src/ATen/native/cuda/BatchLinearAlgebra-magma_sgetrf_batched,/src/ATen/native/cuda/BatchLinearAlgebra-magma_sgetrf_nopiv_batched,/,/,/,/,/,/,/,/,/,/,/,/,/
/src/ATen/native/cuda/BatchLinearAlgebra-magma_zgetrf_batched,/src/ATen/native/cuda/BatchLinearAlgebra-magma_zgetrf_nopiv_batched,/,/,/,/,/,/,/,/,/,/,/,/,/
/src/ATen/native/cuda/BatchLinearAlgebra-magma_cgetrf_batched,/src/ATen/native/cuda/BatchLinearAlgebra-magma_cgetrf_nopiv_batched,/,/,/,/,/,/,/,/,/,/,/,/,/
/src/ATen/mkl/SparseBlas-MKL_SPARSE_CREATE_CSR_ARGTYPES,/src/ATen/mkl/SparseBlas-MKL_SPARSE_CREATE_CSR_ARGTYPES0,/,/,/,/,/,/,/,/,/,/,/,/,/
/src/ATen/mkl/SparseBlas-MKL_SPARSE_CREATE_BSR_ARGTYPES,/src/ATen/mkl/SparseBlas-MKL_SPARSE_CREATE_BSR_ARGTYPES0,/,/,/,/,/,/,/,/,/,/,/,/,/
/src/ATen/mkl/SparseBlas-MKL_SPARSE_EXPORT_CSR_ARGTYPES,/src/ATen/mkl/SparseBlas-MKL_SPARSE_EXPORT_CSR_ARGTYPES0,/,/,/,/,/,/,/,/,/,/,/,/,/
/src/ATen/test/xnnpack_test-checkRtol,/src/ATen/test/vulkan_test-checkRtol,/,/,/,/,/,/,/,/,/,/,/,/,/
/src/ATen/test/xnnpack_test-almostEqual,/src/ATen/test/vulkan_test-almostEqual,/src/ATen/test/vulkan_api_test-almostEqual,/,/,/,/,/,/,/,/,/,/,/,/
/src/ATen/test/basic-TestIndexingByScalar,/src/ATen/test/basic-TestIndexingByZerodimTensor,/,/,/,/,/,/,/,/,/,/,/,/,/
/src/ATen/test/ExclusivelyOwned_test-getSampleValue,/src/ATen/test/MaybeOwned_test-getSampleValue0,/,/,/,/,/,/,/,/,/,/,/,/,/
/src/ATen/test/wrapdim_test-TestSimpleCase,/src/ATen/test/wrapdim_test-TestExpressionSpecification,/src/ATen/test/wrapdim_test-TestEmptyTensor,/src/ATen/test/broadcast_test-TestExplicitDimBasic,/,/,/,/,/,/,/,/,/,/,/
/src/ATen/test/broadcast_test-TestEmptyTensor,/src/ATen/test/broadcast_test-TestOut2OldFallback,/src/ATen/test/broadcast_test-TestOut2MismatchedSizes,/src/ATen/test/broadcast_test-TestOut3OldFallback,/src/ATen/test/broadcast_test-TestOut3MismatchedSizes,/src/ATen/test/broadcast_test-TestIn2ExpandError,/src/ATen/test/broadcast_test-TestIn3ExpandError,/src/ATen/test/broadcast_test-TestExplicitDimWithMismatchedSizes,/,/,/,/,/,/,/
/src/ATen/test/broadcast_test-TestOut2Basic,/src/ATen/test/broadcast_test-TestIn2Basic,/,/,/,/,/,/,/,/,/,/,/,/,/
/src/ATen/test/vulkan_test-Hardtanh_,/src/ATen/test/vulkan_api_test-Hardtanh_,/,/,/,/,/,/,/,/,/,/,/,/,/
/src/ATen/test/vulkan_test-Mean,/src/ATen/test/vulkan_api_test-Mean,/,/,/,/,/,/,/,/,/,/,/,/,/
/src/ATen/test/MaybeOwned_test-getSampleValue1,/src/ATen/test/MaybeOwned_test-getSampleValue21,/,/,/,/,/,/,/,/,/,/,/,/,/
/src/ATen/test/pow_test-test_pow_one,/src/ATen/test/pow_test-test_squared,/src/ATen/test/pow_test-test_cubed,/src/ATen/test/pow_test-test_inverse,/,/,/,/,/,/,/,/,/,/,/
/src/ATen/test/memory_format_test-sliceStepTwo,/src/ATen/test/memory_format_test-sliceFirst,/,/,/,/,/,/,/,/,/,/,/,/,/
/src/ATen/cuda/CUDAGeneratorImpl-getDefaultCUDAGenerator,/src/ATen/cuda/CUDAGeneratorImpl-createCUDAGenerator,/,/,/,/,/,/,/,/,/,/,/,/,/
/src/ATen/cuda/CUDAGraph-graph_pool_handle,/src/ATen/cuda/CUDAGraph-CUDAGraph::pool,/,/,/,/,/,/,/,/,/,/,/,/,/
/src/ATen/cuda/CUDASparseBlas-CUSPARSE_CSRGEAM2_BUFFERSIZE_ARGTYPES0,/src/ATen/cuda/CUDASparseBlas-CUSPARSE_CSRGEAM2_BUFFERSIZE_ARGTYPES1,/src/ATen/cuda/CUDASparseBlas-CUSPARSE_CSRGEAM2_BUFFERSIZE_ARGTYPES2,/,/,/,/,/,/,/,/,/,/,/,/
/src/ATen/cuda/CUDASparseBlas-CUSPARSE_CSRGEAM2_ARGTYPES,/src/ATen/cuda/CUDASparseBlas-CUSPARSE_CSRGEAM2_ARGTYPES0,/,/,/,/,/,/,/,/,/,/,/,/,/
/src/ATen/cuda/CUDASparseBlas-CUSPARSE_BSRSV2_BUFFER_ARGTYPES,/src/ATen/cuda/CUDASparseBlas-CUSPARSE_BSRSV2_BUFFER_ARGTYPES0,/,/,/,/,/,/,/,/,/,/,/,/,/
/src/ATen/cuda/CUDASparseBlas-CUSPARSE_BSRSV2_ANALYSIS_ARGTYPES,/src/ATen/cuda/CUDASparseBlas-CUSPARSE_BSRSV2_ANALYSIS_ARGTYPES0,/,/,/,/,/,/,/,/,/,/,/,/,/
/src/ATen/cuda/CUDASparseBlas-CUSPARSE_BSRSV2_SOLVE_ARGTYPES,/src/ATen/cuda/CUDASparseBlas-CUSPARSE_BSRSV2_SOLVE_ARGTYPES0,/,/,/,/,/,/,/,/,/,/,/,/,/
/src/ATen/cuda/CUDASparseBlas-CUSPARSE_BSRSM2_BUFFER_ARGTYPES,/src/ATen/cuda/CUDASparseBlas-CUSPARSE_BSRSM2_BUFFER_ARGTYPES0,/,/,/,/,/,/,/,/,/,/,/,/,/
/src/ATen/cuda/CUDASparseBlas-CUSPARSE_BSRSM2_ANALYSIS_ARGTYPES,/src/ATen/cuda/CUDASparseBlas-CUSPARSE_BSRSM2_ANALYSIS_ARGTYPES0,/,/,/,/,/,/,/,/,/,/,/,/,/
/src/ATen/cuda/CUDASparseBlas-CUSPARSE_BSRSM2_SOLVE_ARGTYPES,/src/ATen/cuda/CUDASparseBlas-CUSPARSE_BSRSM2_SOLVE_ARGTYPES0,/,/,/,/,/,/,/,/,/,/,/,/,/
/src/ATen/cuda/llvm_complex-complex0,/src/ATen/cuda/llvm_complex-complex1,/,/,/,/,/,/,/,/,/,/,/,/,/
/src/ATen/cuda/llvm_complex-__pi,/src/ATen/cuda/llvm_complex-__pi0,/src/ATen/cuda/llvm_complex-__pi1,/,/,/,/,/,/,/,/,/,/,/,/
/src/ATen/cuda/llvm_complex-asinh,/src/ATen/cuda/llvm_complex-atanh,/src/ATen/cuda/llvm_complex-sinh,/src/ATen/cuda/llvm_complex-cosh,/src/ATen/cuda/llvm_complex-tanh,/,/,/,/,/,/,/,/,/,/
/src/ATen/cuda/CUDABlas-globalContext,/src/ATen/cuda/CUDABlas-globalContext0,/src/ATen/cuda/CUDABlas-globalContext1,/,/,/,/,/,/,/,/,/,/,/,/
/src/ATen/cuda/CUDABlas-globalContext4,/src/ATen/cuda/CUDABlas-globalContext5,/src/ATen/cuda/CUDABlas-globalContext7,/,/,/,/,/,/,/,/,/,/,/,/
/src/ATen/cuda/CUDABlas-CUDABLAS_TRSM_BATCHED_ARGTYPES,/src/ATen/cuda/CUDABlas-CUDABLAS_TRSM_BATCHED_ARGTYPES0,/,/,/,/,/,/,/,/,/,/,/,/,/
/src/ATen/cuda/CUDABlas-defined,/src/ATen/cuda/CUDABlas-defined0,/,/,/,/,/,/,/,/,/,/,/,/,/
/src/ATen/cuda/CUDABlas-CUDABLAS_GEQRF_BATCHED_ARGTYPES,/src/ATen/cuda/CUDABlas-CUDABLAS_GEQRF_BATCHED_ARGTYPES0,/,/,/,/,/,/,/,/,/,/,/,/,/
/src/ATen/cuda/CUDASolver-CUDASOLVER_GEQRF_BUFFERSIZE_ARGTYPES,/src/ATen/cuda/CUDASolver-CUDASOLVER_GEQRF_BUFFERSIZE_ARGTYPES0,/,/,/,/,/,/,/,/,/,/,/,/,/
/src/ATen/cuda/CUDASolver-CUDASOLVER_GEQRF_ARGTYPES,/src/ATen/cuda/CUDASolver-CUDASOLVER_GEQRF_ARGTYPES0,/,/,/,/,/,/,/,/,/,/,/,/,/
/src/ATen/cuda/CUDASolver-CUDASOLVER_ORMQR_BUFFERSIZE_ARGTYPES,/src/ATen/cuda/CUDASolver-CUDASOLVER_ORMQR_BUFFERSIZE_ARGTYPES0,/,/,/,/,/,/,/,/,/,/,/,/,/
/src/ATen/cuda/CUDASolver-CUDASOLVER_XGEQRF_BUFFERSIZE_ARGTYPES,/src/ATen/cuda/CUDASolver-CUDASOLVER_XGEQRF_BUFFERSIZE_ARGTYPES0,/,/,/,/,/,/,/,/,/,/,/,/,/
/src/ATen/cuda/detail/CUDAHooks-CUDAHooks::hasCuDNN,/src/ATen/cuda/detail/CUDAHooks-CUDAHooks::compiledWithCuDNN,/src/ATen/cuda/detail/CUDAHooks-CUDAHooks::supportsDilatedConvolutionWithCuDNN,/,/,/,/,/,/,/,/,/,/,/,/
/src/ATen/cuda/detail/CUDAHooks-CUDAHooks::versionCuDNN,/src/ATen/cuda/detail/CUDAHooks-CUDAHooks::batchnormMinEpsilonCuDNN,/,/,/,/,/,/,/,/,/,/,/,/,/
